{"loss": [0.4465833008289337, 0.2718905210494995, 0.21908918023109436, 0.199249267578125, 0.1818091720342636, 0.16485215723514557, 0.16791874170303345, 0.1572032868862152, 0.14874522387981415, 0.15074071288108826, 0.13569419085979462, 0.14199286699295044, 0.13985154032707214, 0.12895064055919647, 0.13158002495765686, 0.1323205828666687, 0.13639535009860992, 0.13638654351234436, 0.11660470068454742, 0.1224839836359024, 0.12642516195774078, 0.12547598779201508, 0.11948557943105698, 0.126189187169075, 0.11852721869945526], "accuracy": [0.7935967445373535, 0.8889645934104919, 0.9090599417686462, 0.9192779064178467, 0.9257493019104004, 0.9363079071044922, 0.9277929067611694, 0.9346048831939697, 0.942098081111908, 0.9417575001716614, 0.9482288956642151, 0.9376702904701233, 0.9444822669029236, 0.946866512298584, 0.9509536623954773, 0.9451634883880615, 0.9444822669029236, 0.9455040693283081, 0.9557220935821533, 0.9519754648208618, 0.9499318599700928, 0.9495912790298462, 0.9591280817985535, 0.9485694766044617, 0.9560626745223999], "val_loss": [0.2743821442127228, 0.19345290958881378, 0.1600998491048813, 0.1439259946346283, 0.13165020942687988, 0.12425850331783295, 0.11900682002305984, 0.1136905625462532, 0.11165405064821243, 0.1108127012848854, 0.10729283839464188, 0.10585498809814453, 0.10380330681800842, 0.10405951738357544, 0.09876567125320435, 0.0967002585530281, 0.09908764809370041, 0.09597977995872498, 0.09806082397699356, 0.09720253944396973, 0.09672822058200836, 0.09669578075408936, 0.0922837108373642, 0.09630221128463745, 0.09447023272514343], "val_accuracy": [0.8773841857910156, 0.919618546962738, 0.9277929067611694, 0.9346048831939697, 0.9400544762611389, 0.944141685962677, 0.9386920928955078, 0.944141685962677, 0.9455040693283081, 0.9495912790298462, 0.9536784887313843, 0.9564032554626465, 0.9577656388282776, 0.9564032554626465, 0.9591280817985535, 0.9604904651641846, 0.9577656388282776, 0.9591280817985535, 0.9591280817985535, 0.9591280817985535, 0.9591280817985535, 0.9591280817985535, 0.9564032554626465, 0.9564032554626465, 0.9591280817985535]}