{"loss": [1.432469367980957, 0.9686298370361328, 0.75608229637146, 0.6544098258018494, 0.5988043546676636, 0.5550276637077332, 0.4968049228191376, 0.48731955885887146, 0.4727126359939575, 0.4347785413265228], "accuracy": [0.4029291570186615, 0.6413487792015076, 0.722752034664154, 0.7707765698432922, 0.7789509296417236, 0.8004087209701538, 0.821185290813446, 0.8242506980895996, 0.8266348838806152, 0.8453678488731384], "val_loss": [0.9114227890968323, 0.6412557363510132, 0.5080251097679138, 0.4273252487182617, 0.3731616139411926, 0.33262693881988525, 0.30344706773757935, 0.2799575626850128, 0.26204079389572144, 0.24867597222328186], "val_accuracy": [0.7316076159477234, 0.8010899424552917, 0.8378746509552002, 0.8555858135223389, 0.8773841857910156, 0.891008198261261, 0.9114441275596619, 0.912806510925293, 0.9237056970596313, 0.9277929067611694]}